NHP,Vaccine Group,Survival,Time of death,Clinical Score max,max Viremia PFU (log10),max Viremia RT-PCR,Body temperture max,Body temperture min,Body temperture d0 P.I,Body temperture d3 P.I,Body temperture d6 P.I,Body temperture d9 P.I,Body temperture d12 P.I,Body temperture d15 P.I,Body temperture d22 P.I,Body temperture d28 P.I,Weight min (%),Weight max (%),Weight d0 (%),Weight d3 (%),Weight d6 (%),Weight d9 (%),Weight d12 (%),Weight d15 (%),Weight d22 (%),Weight d28 (%),Liver AST min,Liver AST max,Liver AST d0 P.I,Liver AST d3 P.I,Liver AST d6 P.I,Liver AST d9 P.I,Liver AST d12 P.I,Liver AST d15 P.I,Liver AST d22 P.I,Liver AST d28 P.I,Liver ALT min,Liver ALT max,Liver ALT d0 P.I,Liver ALT d3 P.I,Liver ALT d6 P.I,Liver ALT d9 P.I,Liver ALT d12 P.I,Liver ALT d15 P.I,Liver ALT d22 P.I,Liver ALT d28 P.I,Liver ALB min,Liver ALB max,Liver ALB d0 P.I,Liver ALB d3 P.I,Liver ALB d6 P.I,Liver ALB d9 P.I,Liver ALB d12 P.I,Liver ALB d15 P.I,Liver ALB d22 P.I,Liver ALB d28 P.I,Liver ALP min,Liver ALP max,Liver ALP d0 P.I,Liver ALP d3 P.I,Liver ALP d6 P.I,Liver ALP d9 P.I,Liver ALP d12 P.I,Liver ALP d15 P.I,Liver ALP d22 P.I,Liver ALP d28 P.I,Kidney Creatinine min,Kidney Creatinine max,Kidney Creatinine d0 P.I,Kidney Creatinine d3 P.I,Kidney Creatinine d6 P.I,Kidney Creatinine d9 P.I,Kidney Creatinine d12 P.I,Kidney Creatinine  d15 P.I,Kidney Creatinine  d22 P.I,Kidney Creatinine  d28 P.I,Kidney BUN min,Kidney BUN max,Kidney BUN d0 P.I,Kidney BUN d3 P.I,Kidney BUN d6 P.I,Kidney BUN d9 P.I,Kidney BUN d12 P.I,Kidney BUN  d15 P.I,Kidney BUN  d22 P.I,Kidney BUN  d28 P.I,Serum IgA d26,Serum IgA d54,Serum IgG d26,Serum IgG d54,Serum Neut titer d24,Serum Neut titer d56,Mucosal IgA d21,Mucosal IgA d49,Mucosal IgG d21,Mucosal IgG d49,IgA isotype proportion d26,IgA isotype proportion d54,IgG isotype proportion d26,IgG isotype proportion d54,IgM isotype proportion d26,IgM isotype proportion d54,IgA dimer isotype proportion d26,IgA dimer isotype proportion d54,GP binding BLI d26,GP binding BLI d54,GPmuc binding BLI d26,GPmuc binding BLI d54,sGP binding BLI d26,sGP binding BLI d54,GPcl binding BLI d26,GPcl binding BLI d54,Mab Comp RBD 520 d26,Mab Comp RBD 520 d54,Mab Comp GC BDBV289 d26,Mab Comp GC BDBV289 d54,Mab Comp Trimer KZ52 d26,Mab Comp Trimer KZ52 d54,Mab Comp MLD EBOV55 d26,Mab Comp MLD EBOV55 d54,Mab Comp MPER 223 d26,Mab Comp MPER 223 d54,Mab Comp MPER 317 d26,Mab Comp MPER 317 d54,Restoration of infectivity Gpmuc 2ug ,Restoration of infectivity Gpmuc 0.4ug ,Restoration of infectivity Gpmuc 0.08ug ,Restoration of infectivity Gpmuc 0.016ug ,Restoration of infectivity Gpmuc 0.0032ug ,Restoration of infectivity Gpmuc 0ug ,Restoration of infectivity sGP 2ug ,Restoration of infectivity sGP 0.4ug ,Restoration of infectivity sGP 0.08ug ,Restoration of infectivity sGP 0.016ug ,Restoration of infectivity sGP 0.0032ug ,Restoration of infectivity sGP 0ug ,Proportion binding to RBD+GC+GP2 d26 (GP immobilized),Proportion binding to RBD+GC+GP2 d54 (GP immobilized),Proportion binding to RBD+GC d26 (GP immobilized),Proportion binding to RBD+GC d54 (GP immobilized),Proportion binding to RBD+GP2 d26 (GP immobilized),Proportion binding to RBD+GP2 d54 (GP immobilized),Proportion binding to RBD+GC d26 (GPmuc immobilized),Proportion binding to RBD+GC d54 (GPmuc immobilized),Proportion binding to RBD+GC+GP2 d26 (GPmuc immobilized),Proportion binding to RBD+GC+GP2 d54 (GPmuc immobilized),Proportion binding to RBD+GP2 d26 (GPmuc immobilized),Proportion binding to RBD+GP2 d54 (GPmuc immobilized),Proportion binding to RBD+GC d26 (sGP immobilized vs GPmuc),Proportion binding to RBD+GC d54 (sGP immobilized vs GPmuc),Proportion binding to RBD+GC d26 (sGP immobilized vs GP),Proportion binding to RBD+GC d54 (sGP immobilized vs GP),Proportion binding to RBD d26 (sGP immobilized s GPcl),Proportion binding to RBD d54 (sGP immobilized vs GPcl),Proportion binding to RBD+GP2 d26 (GPcl immobilized vs GPmuc),Proportion binding to RBD+GP2 d54 (GPcl immobilized vs GPmuc),Proportion binding to RBD d26 (GPcl immobilized vs sGP),Proportion binding to RBD d54 (GPcl immobilized vs sGP),Proportion binding to RBD+GP2 d26 (GPcl immobilized vs GP),Proportion binding to RBD+GP2 d54 (GPcl immobilized vs GP),Proportion of GC antibodies d26,Proportion of GC antibodies d54,Proportion of GP2 antibodies d26,Proportion of GP2 antibodies d54,Proportion of MLD antibodies d26,Proportion of MLD antibodies d54,ADCD d26 0.004 dilution,ADCD d26 0.02 dilution,ADCD d26 0.1 dilution,ADCD d54 0.004 dilution,ADCD d54 0.02 dilution,ADCD d54 0.1 dilution,ADNP d26 0.0004 dilution,ADNP d26 0.002 dilution,ADNP d26 0.01 dilution,ADNP d54 0.0004 dilution,ADNP d54 0.002 dilution,ADNP d54 0.01 dilution,ADCP d26 0.01 dilution,ADCP d26 0.001 dilution,ADCP d26 0.0001 dilution,ADCP d54 0.01 dilution,ADCP d54 0.001 dilution,ADCP d54 0.0001 dilution,ADNKD CD107 GP d26,ADNKD CD107 GP d54,ADNKD MIP GP d26,ADNKD MIP GP d54,ADNKD IFN-g GP d26,ADNKD IFN-g GP d54,ADNKD CD107 GPdmuc d54,ADNKD MIP GPdmuc d54,ADNKD IFN-g GPdmuc d54,ADNKD CD107 sGP d54,ADNKD MIP sGP d54,ADNKD IFN-g sGP d54,ADNKD CD107 GPcl d54,ADNKD MIP GPcl d54,ADNKD IFN-g GPcl d54
1,BC/LSFcHN/EboGP,Yes,28,0,0,0,38.55556,37.72222,38.16666,37.72222,38.38889,38.16666,38.55556,38.22223,37.83333,38,98.97,104.1,100,99.48453,101.0309,98.96907,102.5773,102.0619,103.0928,104.1237,23,33,33,25,26,25,23,24,24,25,28,48,35,45,43,41,48,38,28,29,2.7,2.9,2.9,2.8,2.8,2.8,2.7,2.9,2.9,2.9,50,70,61,54,70,61,61,50,55,52,0.8,1.1,1,0.9,0.9,0.8,0.9,1,1.1,1,16,21,21,16,18,19,17,18,18,21,5.776151,7.165718,5.541536,8.826593,6.512977,8.552045,0,1.919631,0,4.53874,80.64249,12.79423,17.13789,86.99103,0,0,2.219614,0.214743,1.4633,1.9098,1.0437,1.9317,0.5076,1.9983,0.3292,0.9698,45,66.2963,60.96537,83.65097,54.08378,68.02141,32.8668,59.91031,8.917775,34.56804,27.43847,35.01012,134.6331,115.9239,33.77938,18.82345,8.177204,-0.17138,64.95019,52.19923,40,28.78161,16.70498,-4.44444,66.67122,80.84093,17.56988,18.35794,12.97752,9.456488,17.12178,43.03463,73.58436,89.22711,4.28284,11.29575,61.28842,91.33263,49.11348,84.95221,-17.4547,10.0035,14.61118,58.74407,-6.25759,11.89936,22.90401,55.23819,61.28842,81.32913,20.86877,46.84471,33.32878,19.15907,133,2419.5,6306.5,1812,7491,9356.5,23.775,60.315,372.06,47.265,237.37,325.69,61.38,52.39,36.37,51.44,54.14,60.26,7.915,13.415,18.65,26.2,2.09,4.495,2.725,6.07,1.51,6.105,12.4,2.505,4.15,6.625,2.235
2,BC/LSFcHN/EboGP,Yes,28,0,0,0,38.66666,37.66667,38.66666,38.11111,38.22223,38.05556,38.66666,37.94445,37.77778,37.66667,96.97,100.5,100,97.47474,100,100,100.5051,98.48485,96.96969,96.96969,23,35,35,23,24,27,27,27,25,27,28,34,29,34,28,33,32,32,33,29,2.8,3.1,3,3.1,3.1,3,2.9,2.9,3,2.8,45,84,84,66,69,60,63,45,57,60,0.5,0.9,0.9,0.9,0.7,0.9,0.8,0.5,0.6,0.9,18,24,23,21,21,20,21,24,20,18,9.470155,8.324681,8.229734,9.418197,4.59917,9.131169,2.712941,0.3858849,4.708743,1.561939,28.3435,22.90743,66.75643,75.70219,1.763526,0.573777,3.136539,0.81661,1.4456,2.2645,0.4436,0.9937,0.7884,2.0462,0.3736,0.6684,47.08029,70.88889,51.75761,80.79223,46.5949,65.50357,68.87066,81.45291,10.91294,54.91224,33.86509,48.97369,107.9621,68.18356,16.3271,-0.81037,-5.01025,-7.19468,12.28691,17.71089,15.96652,17.61692,6.839439,4.622274,29.11594,63.47096,8.169618,15.36763,4.288877,8.160742,23.37692,44.6513,42.76375,76.59253,-3.35888,14.75294,57.30594,86.8097,49.13749,82.09852,-8.68848,5.053269,10.9743,48.41412,-13.0086,7.645123,14.93576,34.94913,57.30594,81.75643,23.9829,40.769,70.88406,36.52904,142.5,2158,5528.5,1704.5,6848.5,8063.5,34.31,92.325,361.345,55.41,309.095,348.995,44.85,56.87,58.79,60.16,60.02,50.54,12.39,16.015,25.45,25.75,3.29,6.345,4.635,10.37,2.13,9.34,21.3,2.895,3.865,9.275,1.39
3,BC/LSFcHN/EboGP,No ,7,9,6.4,2853.474667,40.88889,38,38.44444,38,40.88889,NA,NA,NA,NA,NA,97.76,100,100,100,97.76119,NA,NA,NA,NA,NA,27,510,46,27,40,NA,NA,NA,NA,NA,27,74,28,34,27,NA,NA,NA,NA,NA,1.8,3.3,3.3,3.2,2.5,NA,NA,NA,NA,NA,292,451,292,306,310,NA,NA,NA,NA,NA,1.2,5.9,1.3,1.2,1.2,NA,NA,NA,NA,NA,14,36,16,15,14,NA,NA,NA,NA,NA,2.741725,4.88114,3.926789,8.543196,5.980373,8.928254,1.855117,4.914733,3.419005,7.722441,0,1.867697,86.89221,97.91656,8.676414,0.140946,4.431372,0.074796,0.281,0.6779,0.2468,0.3932,0.4076,0.986,0.1737,0.2447,24.45255,46.12346,36.64743,69.37593,27.9429,49.78192,29.39189,60.25112,2.841596,29.00615,19.73564,28.56317,76.05211,43.95353,13.00499,2.864848,-0.92369,3.260408,15.32567,10.72797,11.49425,5.363985,1.532567,0.766284,33.23843,37.58666,13.98577,21.92064,3.345196,2.522496,35.17018,50.0763,51.13452,62.05493,-10.2512,2.009156,61.06477,80.03043,46.76153,71.47059,-27.3553,0,-19.2861,7.233347,-24.1796,0,-4.83592,11.36085,61.06477,80.03043,4.8935,7.233347,66.76157,62.41334,88.2,251,3378,387,5560.5,9232.5,16.46,43.46,328.52,26.445,102.015,348.895,41.85,39.89,32.93,62.76,52.56,28.56,4.875,17.505,18.35,36.35,1.545,5.39,5.87,8.020001,3.615,9.18,16.45,2.605,5.925,8.645001,2.565
4,BC/LSFcHN/EboGP,No,10,9,0,1025.979333,39.5,38.16666,38.77778,38.16666,38.72222,39.5,NA,NA,NA,NA,99.18,105.7,100,99.18367,103.6735,105.7143,NA,NA,NA,NA,31,1231,35,31,32,1231,NA,NA,NA,NA,39,850,57,60,39,850,NA,NA,NA,NA,1.4,3.4,3.4,3.4,2.4,1.6,NA,NA,NA,NA,210,860,210,213,314,693,NA,NA,NA,NA,0.8,1.7,0.9,0.8,0.9,1.7,NA,NA,NA,NA,16,36,18,16,16,32,NA,NA,NA,NA,6.188068,7.413517,6.502237,8.783541,7.054264,7.635287,0,3.154059,4.268092,4.854868,49.74154,12.41495,22.29739,84.16434,10.50429,1.726917,17.45677,1.693794,0.8872,1.0067,0.8123,0.9023,1.2633,1.3917,0.7416,0.6505,43.35766,58.51852,51.62644,72.49626,40.34636,61.1816,31.85328,69.77578,22.47582,48.67791,48.67821,47.21018,111.7292,65.30943,19.94975,8.833323,-1.52207,3.705476,20.45849,13.40459,15.76422,6.200678,2.309628,-3.16285,44.84896,58.88547,5.81605,16.77759,0.732642,9.238105,19.06931,36.30721,52.38212,75.01939,3.028438,14.51845,56.08327,81.15973,36.61046,69.69893,2.976332,11.87756,37.48652,44.44274,1.334951,5.810915,38.38997,45.22675,53.10694,69.28217,36.15157,38.63183,55.15104,41.11453,110.5,1590.5,5839.5,436.5,5934.5,9842,20.205,110.85,275.185,30.845,143.69,335.715,45.69,33.64,26.59,56.03,58.91,46.69,9.16,21.15,18.95,34.55,2.465,7.6,4.735,7.06,1.845,6.28,13.45,3.095,4.225,9.435,2.08
5,BC/LSFHN/EboGP,Yes,28,4,0,917.287,40.33333,37.11112,38.83334,38.5,40.33333,40.16667,38.27778,37.61111,37.77778,37.11112,87.02,100,100,100,97.1154,95.19231,87.98077,87.01923,87.98077,88.46154,19,162,23,23,30,162,80,49,28,19,17,46,23,27,24,46,36,43,26,17,1.3,3.2,3.2,2.9,1.9,1.3,1.3,1.7,2.2,2.5,78,589,80,78,202,565,589,386,248,149,0.7,1.4,0.8,0.7,1.2,1.4,0.8,0.8,0.9,0.8,13,34,15,18,16,34,14,15,20,13,6.755843,7.259668,6.100903,8.27845,5.315111,7.426906,3.721244,3.194583,4.388928,4.278219,35.86293,2.870334,53.18044,96.714,3.794793,0,7.161845,0.41567,1.0618,0.9486,0.4854,0.622,0.6486,0.7957,0.4508,0.492,52.0073,60.02469,60.65058,73.07549,48.84156,60.34893,43.84653,61.56054,17.54837,39.25234,36.23519,32.35039,79.14836,52.58013,19.25949,8.363946,4.439299,0.514652,13.28486,12.48689,16.96965,8.845677,5.17178,9.578278,41.84404,45.67784,11.07553,15.99199,3.880203,7.041957,20.37495,35.72347,46.78616,72.3955,-4.44994,12.10611,46.05304,73.26882,28.18378,58.46425,-22.6642,0,1.064774,27.45935,-4.88021,0,7.098492,30.18293,46.05304,73.26882,5.944984,27.45935,58.15596,54.32216,106.5,1435,6325,238.5,5433.5,9344.5,20.985,59.125,344.925,25.32,130.355,324.25,39,55.83,39.12,53.2,65.82,46.36,8.195,13.375,20.9,26.3,2.095,3.915,4.66,6.865,2.13,5.475,9.915,3.89,4.275,8.985,2.925
6,BC/LSFHN/EboGP,Yes,28,5,0,296.273,38.88889,37.38889,38.38889,37.88889,38.88889,38.83334,38.11111,37.72222,37.77778,37.38889,92.62,100,100,99.66443,99.66443,98.32214,95.30201,92.61746,92.61746,92.95302,28,208,39,36,49,208,91,57,34,28,30,211,41,63,30,211,92,66,35,33,1.2,2.8,2.8,2.8,1.9,1.2,1.4,1.7,2,2.3,91,1110,99,91,285,812,1110,710,368,222,0.6,1.1,1,0.8,0.9,1.1,0.8,0.9,0.7,0.6,12,24,18,18,15,24,15,20,16,12,3.2437541,5.9398041,2.054407,6.915119,0,7.89843,1.783193,0,0.08553133,0,20.0533,24.56939,13.54482,58.85212,54.56578,14.74585,11.8361,1.832647,0.3799,1.0649,0.3416,0.7335,0.4296,1.0133,0.3552,1.0849,32.22628,70.17284,36.85729,68.94619,36.29768,66.25694,17.49517,31.12108,0,35.67358,13.71923,31.2229,142.8566,78.47666,30.99442,7.306705,9.047605,-0.81037,35.87359,35.73119,26.50822,37.42358,9.172479,-10.7317,22.50592,53.73274,4.659121,22.6688,3.711503,10.07606,21.69204,36.68712,37.90984,69.99318,-7.49415,18.36401,47.13687,81.59479,32.30912,71.38064,-29.1434,0,7.122748,65.09356,-5.54617,3.567149,17.31419,61.70154,47.13687,81.59479,12.66892,61.52641,77.49408,46.26726,91.7,146,1993,215.5,4557,7132,17.59,39.8,261.51,24.825,137.585,362.085,30.93,40.82,31.48,79.46,67.07,29.12,3.58,9.125,16.25,17.3,0.985,3.25,6.435,13.3,3.805,5.02,17.8,1.76,7.095,9.53,1.9
7,BC/LSFHN/EboGP,No,9,9,6.544068,105868.0333,39.83333,35.5,38.94444,38.77778,39.83333,NA,NA,NA,NA,NA,95.74,100,100,99.57447,98.29788,NA,NA,NA,NA,NA,30,58,30,32,58,NA,NA,NA,NA,NA,24,42,30,42,24,NA,NA,NA,NA,NA,2.2,3.2,3.2,3.1,2.2,NA,NA,NA,NA,NA,240,259,243,240,259,NA,NA,NA,NA,NA,0.8,1,0.8,0.9,1,NA,NA,NA,NA,NA,11,15,15,14,11,NA,NA,NA,NA,NA,2.864251,4.911032,0.689561,2.703014,6.532812,7.989773,1.884507,1.907528,4.453281,3.456564,0,1.742589,70.68636,97.10491,23.5514,0.969416,5.762245,0.183083,0.4591,0.5257,0.3285,0.3747,0.529,0.6169,0.2557,0.333,33.67133,42.87823,49.50565,56.22467,35.86704,43.08316,38.93633,36.38687,6.923915,18.45488,24.21185,29.64767,91.63615,68.54891,23.78286,10.4056,5.419702,1.98939,22.46453,20.85927,17.84259,10.08284,0,-2.29885,27.51035,45.13981,9.932477,12.85905,3.223699,8.407837,28.21918,35.28156,56.95586,72.99173,-5.23592,14.35815,56.54064,75.8794,46.862,68.43897,-11.8715,1.053655,4.693,39.45946,-10.3637,5.255255,11.88893,43.06306,56.54064,74.82575,15.0567,34.20421,72.48965,54.86019,84.8,743,4999,111.5,4087,8728.5,16.465,45.54,307.18,20.355,96.99,311.67,46.13,56.79,30.82,47.83,52.66,28.68,7.875,15.025,24.25,33.65,1.39,4.955,4.94,12.2,2.335,5.745,17.3,1.97,4.16,9.82,1.785
8,BC/LSFHN/EboGP,Yes,28,1,0,6.892666667,39.72222,36.05556,36.88889,36.94444,39.72222,37.94445,36.88889,36.55556,36.5,36.05556,99.2,106.4,100,103.2129,106.4257,101.6064,102.008,99.19679,101.6064,105.6225,26,156,50,34,56,156,42,30,26,41,17,51,28,20,27,51,36,26,17,25,1.9,3.2,2.8,2.9,2.5,1.9,2,2.3,2.5,3.2,304,477,310,304,328,477,431,396,314,362,0.8,1.2,1.1,1,1.2,1,0.8,0.9,0.9,1.2,12,41,36,16,18,19,14,13,12,41,6.106204,8.435258,5.511801,9.055903,6.032981,9.334199,5.403435,0,5.271736,0,27.7481,1.211835,59.66358,97.81962,6.72957,0.730028,5.858749,0.238518,1.3652,1.629,0.8815,1.0449,0.7352,0.9271,0.3206,0.5441,45.87591,58.24691,53.90871,69.97384,40.81442,57.35527,34.62838,46.56502,15.37183,47.25325,25.66089,34.28737,77.34807,41.43646,26.9337,8.287293,2.071823,3.453039,4.528302,2.113834,6.792453,-0.30063,8.527362,1.359117,73.24934,77.88828,9.646938,16.74647,8.731321,7.630448,23.13103,35.37181,77.03914,86.12307,0.589904,11.16853,53.06039,81.17787,39.8123,72.43016,-16.2269,0,16.87461,55.44937,-6.01996,6.579673,24.9844,55.54126,53.06039,81.17787,22.89457,48.8697,26.75066,22.11172,88.85,1612,6256.5,850.5,6913.5,10069.5,21.235,62.685,336.78,44.4,203.09,347.905,44.63,55,40.86,57.59,60.02,51.9,11.43,17.95,27.95,37.15,3.395,6,4.965,11.795,2.535,4.57,11.7,3.555,3.175,8.305,1.68
9,HPIV3/?FHN/EboGP,Yes,28,0,0,0,38.61111,36.72222,38.27778,36.72222,37.72222,38.61111,38.22223,37.77778,37.83333,37.83333,99.19,102.8,100,99.19029,100.8097,99.59514,102.4292,101.2146,102.4292,102.834,23,29,25,24,29,29,26,29,23,24,21,27,22,23,22,27,21,27,25,21,2.3,2.8,2.4,2.6,2.8,2.6,2.4,2.5,2.3,2.4,45,66,61,66,59,51,52,52,46,45,0.7,1,0.8,0.8,0.8,0.8,0.7,1,0.8,0.7,12,15,15,12,14,15,14,13,14,13,6.792938,7.987336,5.574311,7.444322,8.782237,11.63753,3.255737,6.58606,3.381952,5.765793,9.819664,18.06564,87.37594,80.90882,0,0,2.804396,1.025536,2.206,3.7186,2.4322,3.9802,2.9377,3.6655,1.6458,1.9122,65.10638,62.40541,75.9356,89.36,63.21325,58.24199,57.52931,48.44377,29.24382,53.0313,38.93617,36.54592,21.72285,12.73408,1.498127,5.243446,0.749064,-0.65937,-3.26531,-2.42317,-4.87215,-4.08163,-3.26531,0.687263,51.79057,61.01342,11.11514,4.253956,4.582956,7.360297,30.31823,23.6169,77.37851,88.11869,7.519941,7.381539,57.72884,78.90056,40.73935,72.3121,-0.27913,6.141045,26.917,46.17718,2.254223,11.79793,21.57613,44.25792,57.72884,72.75952,24.66278,34.37925,48.20943,38.98658,2355,7510,9484,5258,7766,7972.5,50.47,324.07,367.42,138.19,361.96,337.925,43.58,50.21,62.92,45.53,58.19,49.62,12.015,22.55,22.4,36.7,3.505,9.3,4.205,9.625,1.895,6,15.15,2.69,5.79,15.9,2.445
10,HPIV3/?FHN/EboGP,Yes,28,0,0,25.11566667,38.11111,37,38.11111,37.16667,37.61111,37.5,37,37.55555,37.33333,37.33333,99.62,103.4,100,99.62122,101.1364,100.3788,101.8939,100,102.2727,103.4091,17,32,28,22,29,32,17,22,23,19,30,43,30,37,32,42,40,43,38,30,2.2,2.8,2.8,2.8,2.6,2.2,2.3,2.5,2.6,2.7,59,106,68,76,106,100,91,76,64,59,0.7,0.9,0.8,0.8,0.7,0.8,0.8,0.7,0.9,0.9,13,17,17,16,13,15,16,16,15,15,3.281297,6.676214,5.238277,10.01056,2.383203,9.649353,0.9568788,2.78309,0,1.616437,43.15452,12.54673,47.20848,85.91777,1.308741,0.268803,8.328257,1.266698,0.802,3.6068,0.5752,3.0798,1.7301,2.9564,0.4878,1.1068,39.07801,64.78378,53.50305,80.04,38.53211,61.29848,39.38233,45.44587,17.08834,60.86382,35.19149,48.47995,7.506595,-0.50623,-1.80505,-0.50623,-8.51905,-12.2304,2.461133,5.894609,4.206365,1.688245,0.028494,10.10097,43.99002,39.62515,11.79551,6.374071,1.458853,0.773539,21.88804,25.42373,46.2274,87.85635,-5.16342,6.967985,26.6054,60.62441,13.05127,52.20538,-5.43321,2.249357,4.120541,39.16697,-4.12054,6.568486,7.236572,38.49837,26.6054,58.37505,8.241081,32.59848,56.00998,60.37485,103.4,263.5,3570,2800.5,7479,8735.5,19.33,53.085,337.4,85.23,332.355,322.495,39.87,45.09,29.48,50.77,64.76,61.27,6.3,14.71,20.75,24.05,1.16,6.585,7.31,25.05,2.315,8.685,23.65,1.53,5.255,16.55,2.025
11,HPIV3/?FHN/EboGP,Yes,28,0,0,6.760666667,38.33333,36.88889,38.27778,37.61111,37.77778,36.88889,37.11112,37.83333,38.33333,38.16666,96.38,100,100,99.27536,99.27536,98.55073,98.55073,97.46377,96.37682,97.10145,24,31,29,26,28,31,28,27,24,26,24,34,32,34,30,30,31,29,28,24,2.9,3.1,3,3,3,3,2.9,3,3.1,3.1,94,115,108,114,111,115,102,94,98,102,0.6,1.2,0.8,0.9,1.2,0.6,1.2,1.1,1.1,1.1,12,26,12,16,19,16,21,21,26,22,7.812614,11.69335,7.837155,11.77143,11.6248,10.90148,2.53685,5.523058,3.518337,6.341956,31.92169,55.96351,51.08735,42.51386,11.43171,0.304489,5.559248,1.218139,1.9469,4.0413,1.6955,3.8256,3.1417,3.5406,1.641,2.6141,66.56028,71.83784,68.03742,81.78,53.74804,65.91484,38.97656,50.60149,30.88339,73.00225,43.91489,50.25873,36.20654,24.16178,3.387926,4.696117,2.706727,0.036138,-0.98019,-1.05535,3.848743,2.264151,-4.07422,2.188992,37.89614,47.13582,7.216601,5.134486,5.54728,9.279192,48.78797,22.89053,73.47685,91.01317,21.4568,26.78011,57.48798,68.96854,43.23137,65.10761,10.00095,22.22787,45.79525,54.90609,4.783668,9.043265,39.73187,55.21212,47.48703,46.74067,41.01158,45.86283,62.10386,52.86418,1001,6207.5,9050.5,5397.5,8813,8346.5,33.265,142.29,325.24,157.385,280.115,238.98,56.23,56.46,49.93,36.29,61.89,64.46,11.98,18.95,24.35,30.3,2.835,9.115,6.565,16.15,2.265,6.005,17.15,1.765,5.805,17.6,1.57
12,HPIV3/?FHN/EboGP,Yes,28,0,0,0,38.33333,37.77778,38.33333,38.22223,38.22223,38,37.77778,38.27778,38.27778,38.33333,99.23,101.5,100,99.23372,99.61686,99.23372,99.61686,100.3831,99.61686,101.5326,24,33,31,28,31,27,29,24,33,26,26,31,27,29,30,26,31,26,28,28,2.6,2.9,2.8,2.9,2.8,2.8,2.8,2.8,2.8,2.6,224,287,258,255,246,235,224,227,260,287,0.5,1,0.5,0.7,0.8,0.8,0.8,1,0.9,0.8,15,18,15,15,18,17,17,17,18,17,7.492637,9.935119,6.282073,11.24474,8.663131,11.83975,2.812033,6.086566,1.386584,5.61217,42.32042,67.10217,30.42549,27.90164,19.45516,0.570392,7.798931,4.4258,1.9306,3.9726,1.8972,3.7876,2.7443,3.7774,1.8847,3.5158,82.72727,83.69004,74.92938,75.79618,62.5523,52.92089,41.25396,26.55789,56.09149,63.68048,57.25095,54.05328,10.71849,4.714186,2.616382,-0.66313,0.018069,-0.66313,-2.33578,-3.97913,-0.76628,-1.68028,-3.97913,4.708489,41.86781,41.68051,8.453331,4.367417,-0.22273,9.902834,29.06388,21.15588,71.01518,85.59246,11.90175,31.67441,50.25325,67.44057,35.99461,61.38349,1.687133,23.96357,39.61373,57.03112,4.515307,9.619432,33.62339,56.57887,48.56612,43.477,35.09842,47.41169,58.13219,58.31949,628.5,5546.5,9456.5,6029.5,9196,9489,35.42,167.405,316.895,142.555,355.905,329.16,45.27,41.64,37.17,64.02,72.26,64.85,13.265,34.9,24.6,52.15,4.445,17.185,5.545,14.55,1.7,7.955,19.9,2.41,5.745,19.25,1.155
13,HPIV1/EboGP,Yes,28,2,0,97.74466667,39.88889,35.22222,37.11112,38,39.88889,37.88889,36.94444,36.5,35.22222,37,78.65,100,100,96.62921,94.94383,92.69663,88.20225,84.26968,78.65169,80.33707,25,146,25,27,26,146,135,78,45,40,18,89,25,31,18,52,89,64,40,33,1.5,3.4,3.4,3.4,2.3,1.8,1.5,1.7,2.1,2.4,98,1188,98,99,493,853,1188,845,584,395,0.4,1,0.9,1,1,0.9,0.7,0.6,0.7,0.4,11,23,17,16,15,23,23,19,18,11,2.942766,8.271795,3.331032,8.640169,0,8.97272,1.364155,4.449202,0,5.839422,50.8799,65.03067,6.658154,26.69878,23.11677,3.405099,19.34518,4.865443,0.4515,1.7574,0.274,0.7963,0.2407,1.2917,0.1823,0.8722,6.41844,38.32432,23.78155,64.9,9.957485,44.37184,49.8422,47.16441,7.689046,14.72725,7.021277,18.6934,14.78642,11.50055,3.285871,2.738226,0,-0.54765,1.682696,11.12831,-0.96646,1.58261,3.16522,-2.39894,27.79623,28.1723,8.106312,6.179583,3.765227,2.253329,4.233577,26.89941,46.49635,76.76755,-12.4088,0,39.67595,66.59441,24.26257,55.14438,-40.5484,0,-20.4608,19.38776,-26.8239,7.567072,0.932529,20.45402,39.67595,66.59441,6.3631,11.82069,72.20377,71.8277,110.5,127.5,859.5,1353.5,6037.5,8205.5,13.8,20.695,87.405,36.85,158.765,338.805,42.16,37.31,26.79,46.64,52.03,36.97,4.35,11.76,16.15,19.5,1.205,4.895,6.385,12.2,1.72,5.985,11.56,2.055,5.23,11.75,1.695
14,HPIV1/EboGP,No,8,14,5.70757,586.1896667,39.66667,32.88889,38.83334,38.61111,39.66667,NA,NA,NA,NA,NA,97.85,100,100,99.28315,98.56632,NA,NA,NA,NA,NA,36,808,36,39,63,NA,NA,NA,NA,NA,38,327,40,49,38,NA,NA,NA,NA,NA,1,3.2,3.2,3.1,1.8,NA,NA,NA,NA,NA,62,351,62,83,341,NA,NA,NA,NA,NA,0.8,4.2,0.8,0.9,1.3,NA,NA,NA,NA,NA,10,85,10,13,25,NA,NA,NA,NA,NA,-0.860696,2.525544,-0.100805,4.331596,0,7.71234,0,2.3322,0,2.909972,47.37776,40.73908,0,51.25303,37.94968,4.605974,14.67256,3.40192,0.2542,0.6061,0.24,0.4487,0.2341,0.3442,0.2914,0.3391,6.453901,38.64865,9.051349,38.48,5.347953,29.0683,8.859333,23.2194,6.64311,11.21384,6.978723,12.90427,89.30833,48.22024,32.70545,9.54139,1.66113,-2.84554,5.283019,4.539868,1.509434,-1.53257,6.118702,1.532567,22.50197,31.85943,14.0834,4.949678,4.248623,10.52632,4.458333,9.672387,9.416667,39.6033,-12.2917,0,14.95088,36.02557,3.331909,23.35851,-57.4541,0,-11.8051,0,-11.1531,0,4.118051,9.495724,14.95088,36.02557,-0.652,0,77.49803,68.14057,111,128.5,117.5,109,1998,6302.5,14.46,18.065,118.04,19.41,60.89,285.68,30.14,28.69,27.07,40.38,58.48,25.42,2.755,9.435,11.84,17.8,0.785,3.205,4.375,15.5,1.97,8.594999,21.45,2.81,3.975,12.35,2.11
15,HPIV1/EboGP,No,6,8,6.591065,1405576.667,39.22222,38.55556,38.55556,38.66666,39.22222,NA,NA,NA,NA,NA,100,100,100,100,100,NA,NA,NA,NA,NA,30,1044,30,30,1044,NA,NA,NA,NA,NA,33,351,33,39,351,NA,NA,NA,NA,NA,2.1,3.4,3.4,3.3,2.1,NA,NA,NA,NA,NA,218,1207,222,218,1207,NA,NA,NA,NA,NA,0.8,2.9,0.8,1,2.9,NA,NA,NA,NA,NA,17,42,17,18,42,NA,NA,NA,NA,NA,0.8199362,5.501168,0.1637184,5.826763,0,6.807991,0,3.098434,0,4.269427,78.22556,40.2743,0,50.65729,15.22752,7.417272,6.546914,1.651134,0.1697,0.3536,0.1654,0.287,0.1625,0.3331,0.2257,0.31,11.02837,6,6.853786,37.74,5.168942,32.58853,7.980162,25.81631,6.04947,0,5.829787,0,82.95247,52.11627,13.00559,-4.78628,-10.9646,-10.2216,14.66701,7.279702,-8.94992,-3.04569,-7.1066,-1.20237,7.542722,21.46493,-2.12139,0,-9.31055,6.674208,3.385732,27.1777,10.94317,60.41812,-15.2358,12.26481,25.96923,15.4308,15.63077,46.08226,-80.4308,0,-16.039,16.06452,-19.8051,0,7.930882,23.41935,25.96923,15.4308,3.7661,16.06452,92.457278,78.53507,94.25,100,83.2,66.55,603.5,4943,12.31,18.7,195.06,14.55,32.65,271.495,27.58,25.04,22.4,38.04,31.8,16.93,2.695,7.37,8.36,20.6,1.095,2.345,3.485,8.639999,1.05,3.455,11.3,1.34,5.21,10.055,2.46
16,HPIV1/EboGP,Yes,28,0,0,4.681666667,38.83334,38,38.61111,38.44444,38.5,38,38.83334,38.44444,38.55556,38.83334,98.7,100.3,100,99.35065,100.3247,98.7013,99.67533,98.7013,99.35065,100.3247,23,33,31,30,20,33,23,27,21,29,16,33,23,33,27,30,30,22,16,20,2.5,3.2,3.2,3.1,2.8,2.5,2.7,2.8,3,3,186,209,194,193,194,209,186,203,201,206,0.7,1.1,1.1,1,1,0.8,0.7,1.1,1,1.1,12,15,15,14,13,13,13,12,13,14,5.46254,7.949405,3.806858,8.218417,5.043453,9.726674,0,0,0,0,70.69993,42.85299,20.22584,54.17567,3.480023,0.704178,5.594205,2.26716,0.3301,1.8593,0.2622,0.6901,0.3455,1.1774,0.2149,0.5089,29.53901,67.97297,42.55875,72.94,34.95189,66.65261,26.60054,39.77468,0,48.71219,20.21277,38.58344,29.76523,8.381759,-0.59177,-1.73724,-3.45545,-1.69919,-1.7969,-4.372,-1.71674,-6.78679,-9.28174,-3.27316,27.38564,52.95715,11.60254,7.88794,3.938201,8.570104,13.15789,37.86408,43.02059,71.52587,-15.5225,9.665266,51.11433,79.66706,43.18379,69.22881,-33.6614,0,11.91252,50.00983,-20.8934,3.124386,15.21638,49.69542,51.11433,79.66706,32.80592,46.88544,72.61436,47.04285,91.5,184.5,2442,813.5,6280,6594.5,18.81,30.43,268.495,29.345,132.815,337.43,34.95,28.78,22.44,62.77,60.63,38.67,4.955,15.14,15.8,30.1,1.86,6.625,4.09,13.6,1.205,4.96,13.1,2.055,3.33,12.95,1.3
17,HPIV3/EboGP,Yes,28,0,0,0,38.61111,36.66667,38.5,38.16666,38.61111,38.11111,37.94445,37.66667,37.44445,36.66667,90.81,100,100,99.45946,98.37838,97.2973,96.21621,95.13513,92.43243,90.81081,25,31,30,29,29,31,26,31,25,31,31,59,31,45,55,59,55,51,46,45,3,3.5,3.5,3.3,3.4,3.4,3.3,3.3,3.2,3,105,137,121,127,119,137,131,134,127,105,0.5,0.9,0.8,0.8,0.8,0.8,0.8,0.9,0.8,0.5,11,15,15,11,14,12,14,13,15,15,8.139943,8.392188,6.131962,9.687263,7.496355,11.29802,5.45084,4.725792,3.019309,5.764138,63.99707,45.01363,14.57742,50.92103,12.98047,1.487225,8.445044,2.578115,1.9896,3.4157,1.2789,3.2383,3.2481,4.2932,1.7622,2.5975,67.37762,75.03075,75.18832,70.06369,60.11158,48.31643,46.98707,33.45783,43.06831,59.35205,41.44599,49.61329,29.69247,13.78579,2.120891,2.651113,2.651113,1.060445,7.081198,4.560772,7.00734,2.372709,-0.87707,-3.21285,33.61982,63.95175,10.89164,11.49106,13.87214,8.015926,43.10736,46.21869,61.52944,85.00757,10.0477,16.87614,45.86989,70.01071,26.52936,57.70288,4.276346,5.981552,39.201,66.34841,6.786971,8.477382,30.53569,63.31088,41.59354,64.02916,32.41403,57.87103,66.38018,36.04825,569,4341.5,7814,4764,7336.5,6093,34.655,133.1,349.08,83.24,323.85,330.475,45.58,43.55,42.61,56.46,57.85,52.55,8.25,13.36,15.2,22.2,2.745,5.295,4.035,10.3,1.54,5.69,13.7,1.605,3.78,12.5,1.685
18,HPIV3/EboGP,Yes,28,5,0,9.356,39.88889,37.83333,38.5,38.11111,38.05556,39.88889,38.33333,37.83333,38.33333,38.11111,84.38,100,100,100,97.65625,98.04688,92.1875,88.67188,87.10938,84.37502,31,192,31,40,33,192,93,65,53,37,46,86,46,60,56,86,83,59,68,61,1.2,2.4,2.3,2.4,1.9,1.2,1.2,1.3,1.8,2.1,102,799,102,103,301,450,746,799,468,278,0.7,0.9,0.8,0.9,0.9,0.7,0.8,0.7,0.7,0.9,9,18,18,17,10,17,17,10,9,9,2.813331,7.783882,1.450791,7.167986,0,10.67614,2.692681,4.431828,1.34572,5.324154,76.81381,18.60273,17.11973,80.10456,0,0.503235,6.066464,0.789482,0.4014,2.9767,0.3174,2.6205,0.6805,3.1779,0.2971,1.0084,26.85315,72.10332,31.00282,72.99749,41.28312,65.47667,25.20127,33.63476,6.534931,51.83631,11.43338,44.85821,37.26564,33.73691,6.255011,-1.73812,-5.18812,-6.32063,5.094522,3.764052,6.627089,5.961854,-0.79997,3.696686,22.89487,63.11351,12.55605,6.500487,7.747882,5.640474,21.86515,40.09922,41.87146,87.7199,-2.42596,18.58806,39.55915,75.8803,30.1543,65.54958,-11.6385,1.730703,0.673174,50.476,-10.2659,4.938516,10.70347,47.78858,39.55915,74.1496,10.93907,45.53748,77.10513,36.88649,95.05,156,1326.5,1990.5,6975,8037.5,18.79,53.235,254.635,54.135,295.43,316.285,21.79,26.68,21.33,45.71,56.02,45.56,5.805,12.145,15.7,19.35,1.575,5.695,5.585,14.35,2.865,5.215,15.35,1.615,2.895,13.4,1.895
19,HPIV3/EboGP,Yes,28,5,0,9207.495,39.61112,36.55556,38,38.55556,39.61112,36.77778,37.27778,36.55556,37.66667,36.61111,87.73,102.7,100,99.09091,102.7273,96.81819,92.72726,90,87.72727,89.0909,25,839,40,27,42,839,273,62,30,25,31,266,56,31,54,266,263,147,55,46,1.7,3.4,3.4,3.3,2.4,1.8,1.7,1.8,2.4,2.7,199,1790,199,223,262,1012,1790,1301,716,429,0.4,1,0.7,0.9,0.9,1,0.8,0.4,0.5,0.7,10,38,15,13,13,38,25,14,10,11,4.858939,6.222592,6.430464,8.233619,7.652737,10.06433,5.895954,2.874964,6.215131,2.978716,17.71245,35.09863,41.52691,61.42257,33.2602,1.174843,7.500438,2.303956,2.1356,1.733,2.5827,1.4771,3.9722,2.8193,2.0871,1.3663,72.41259,57.98278,80.55556,73.38352,71.98977,63.61055,41.47353,43.34578,45.18438,51.33788,52.58512,42.19421,53.09339,35.41706,14.37544,8.275242,1.085991,1.122784,8.365019,11.40684,10.64639,1.520913,6.844106,0.668181,64.47368,66.86671,11.84679,20.90594,15.1386,15.15291,39.873,48.94726,69.81454,75.86487,20.44372,18.36707,56.25346,62.02249,39.1798,47.69269,14.61659,2.812755,52.12496,53.99253,2.635235,3.966918,47.19467,51.26253,41.63687,59.20974,49.48973,50.02561,35.52632,33.13329,1465.5,5511.5,7317.5,837.5,5711.5,8821,38.205,121.29,324.73,37.46,142.495,292.695,36.51,51.55,44.95,50.95,50.28,29.64,16.84,19.75,34.05,34.85,4.755,8.815001,4.025,12.11,1.205,6.29,16.7,1.995,5.09,12.6,3.275
20,HPIV3/EboGP,Yes,28,7,0,479.8393333,39.22222,35.22222,38.11111,38.66666,39.22222,37.27778,37.16667,35.22222,37.11112,NA,89.12,100,100,97.48953,99.58159,92.88703,93.72385,91.21339,89.12134,NA,19,238,19,31,43,238,86,85,35,NA,14,112,14,25,28,112,76,60,26,NA,1,2,1.7,1.6,1.1,1,1.1,1.4,2,NA,486,1047,486,589,748,1047,942,758,508,NA,0.5,1.1,0.9,1.1,1.1,0.8,0.8,0.5,0.7,NA,14,30,14,15,28,30,17,16,16,NA,7.81755,9.606573,6.85769,8.748341,6.901409,9.342268,3.748728,6.617558,1.851244,5.126895,48.18683,50.82049,31.39918,45.72077,11.84443,0.734821,8.569553,2.72392,1.9629,2.023,0.848,1.0438,2.2672,1.157,0.715,0.9123,72.23776,59.7786,68.87947,63.82938,60.11158,51.46045,39.717,35.50226,56.91614,51.07555,43.54771,38.67087,53.79668,24.70027,19.11409,0.674444,-2.66601,-4.07844,10.86329,4.477215,-1.87609,8.03277,11.58833,3.182231,27.21484,61.33465,9.587855,10.00494,8.329512,6.490361,38.63208,23.2899,61.48585,68.49013,-1.37972,10.00192,52.98165,56.56871,38.29834,43.26707,-3.68737,0,37.52448,45.20443,-0.47552,4.559904,40.68531,41.95988,52.98165,56.56871,38,40.64453,72.78516,38.66535,156,3400.5,8332,165.5,4583.5,9282,22.62,68.185,352.455,23.42,164.76,316.43,43.29,49.89,36.84,53.31,53.9,65.79,15.285,17.19,29.55,29.9,4.435,7.355,4.33,11.75,0.915,5.435,14.65,1.69,3.04,10.005,1.695
21,Control,No,7,13,6.556303,2155532.75,39.22222,32.44445,38.83334,38.83334,39.22222,NA,NA,NA,NA,NA,100,102.7,100,100.5435,100.5435,NA,NA,NA,NA,NA,32,3860,32,37,3860,NA,NA,NA,NA,NA,36,1284,36,43,1284,NA,NA,NA,NA,NA,1.8,3.3,3.3,3.1,2.3,NA,NA,NA,NA,NA,79,1269,79,89,892,NA,NA,NA,NA,NA,0.8,3.7,0.9,0.8,1.2,NA,NA,NA,NA,NA,16,163,17,16,58,NA,NA,NA,NA,NA,-0.243617,-0.305368,-1.8775739,-2.717619,0,0,0,0,0,0,0,0,0,0,0,0,0,0,0.1791,0.2181,0.1754,0.2178,0.1468,0.1613,0.2568,0.2529,0,0,0,0,0,0,0,0,0,0,0,0,NA,NA,NA,NA,NA,NA,NA,NA,NA,NA,NA,NA,NA,NA,NA,NA,NA,NA,NA,NA,NA,NA,NA,NA,NA,NA,NA,NA,NA,NA,NA,NA,NA,NA,NA,NA,NA,NA,NA,NA,NA,NA,100,112,96.75,77.9,94.6,94.9,14.755,22.24,206.095,9.924999,14.71,166.31,28.4,26.7,22.57,18.66,17.67,18.78,3.835,5.655,9.344999,9.92,1.97,2.16,3.67,10.35,1.165,4.42,10.115,1.58,3.445,12.45,1.445
22,Control,No,5,8,7.439333,65888.93,39.22222,36.88889,38,39.22222,36.88889,NA,NA,NA,NA,NA,96.71,100,100,99.1018,96.70659,NA,NA,NA,NA,NA,25,1749,25,47,1749,NA,NA,NA,NA,NA,28,510,28,33,510,NA,NA,NA,NA,NA,2.6,3.2,3.2,3.1,2.6,NA,NA,NA,NA,NA,124,884,124,144,884,NA,NA,NA,NA,NA,0.8,11.4,1,0.8,11.4,NA,NA,NA,NA,NA,14,112,15,14,112,NA,NA,NA,NA,NA,0,0,0,0,0,0,0,0,0,0,0,0,0,0,0,0,0,0,NA,0.1343,NA,0.1082,NA,0.0773,NA,0.1384,0,0,0,0,0,0,0,0,0,0,0,0,NA,NA,NA,NA,NA,NA,NA,NA,NA,NA,NA,NA,NA,NA,NA,NA,NA,NA,NA,NA,NA,NA,NA,NA,NA,NA,NA,NA,NA,NA,NA,NA,NA,NA,NA,NA,NA,NA,NA,NA,NA,NA,102,98.05,82.55,84.3,94.15,81.15,16.105,30.785,174.8,10.95,14.375,74.43,25.9,22.28,18.31,15.57,15.25,16.71,3.845,4.98,15.7,8.04,1.505,2.355,1.375,5.245,0.59,4.42,13.05,1.84,4.14,11.8,1.88
